store_id,store_name,review,review_cleaned,tokens,topic
A,잔잔 범계역점,"언제나 애정하는 잔잔입니다:)
오늘은
다양하게 먹어봤어오! 모찌리도후는
먹고싶지만 품절이네요ㅜㅜㅜ아쉽
안쪽에 자리가 리모델링(?) 되어서 더 좋아요!
여기만오면 안주가 맛있어서 금액이..^^ㅎㄷㄷ
정말 최고입니댜

#범계맛집
#안양맛집
#범계술집

👍🏻","언제나 애정하는 잔잔입니다
오늘은
다양하게 먹어봤어오 모찌리도후는
먹고싶지만 품절이네요아쉽
안쪽에 자리가 리모델링 되어서 더 좋아요
여기만오면 안주가 맛있어서 금액이
정말 최고입니댜

범계맛집
안양맛집
범계술집

","['애정', '오늘', '다양', '모찌리도후', '품절', '안쪽', '자리', '리모델링', '안주', '금액', '최고입니댜', '범계', '맛집', '안양', '맛집', '범계', '술집']",0
A,잔잔 범계역점,"인기많은 모찌리도후 오늘은 마지막으로 겟 했습니다:)
해물야끼우동 처음 먹어보는데
너무맛있네요>___<

#범계술집
#범계맛집","인기많은 모찌리도후 오늘은 마지막으로 겟 했습니다
해물야끼우동 처음 먹어보는데
너무맛있네요

범계술집
범계맛집","['인기', '모찌리도후', '오늘', '마지막', '해물야끼', '우동', '처음', '범계', '술집', '범계', '맛집']",0
A,잔잔 범계역점,"항상 인계동에서만 가봤다가 범계는 처음 가봤어요. 공휴일 저녁이라 역시 웨이팅이 있었지만 운좋게 금방 들어갔고 2층으로 안내받았어요. 김치카츠나베랑 모듬꼬치 시켰고요. 가격대는 있지만 맛있고 양도 푸짐합니다. 꼬치 종류는 랜덤이지만, 새우베이컨말이 요청드렸드니 포함해주셔서 좋았어요. 원래는 쯔꾸네를 좋아해서 따로 주문했습니다. 1인당 이슬이 3병 각입니다.",항상 인계동에서만 가봤다가 범계는 처음 가봤어요 공휴일 저녁이라 역시 웨이팅이 있었지만 운좋게 금방 들어갔고 2층으로 안내받았어요 김치카츠나베랑 모듬꼬치 시켰고요 가격대는 있지만 맛있고 양도 푸짐합니다 꼬치 종류는 랜덤이지만 새우베이컨말이 요청드렸드니 포함해주셔서 좋았어요 원래는 쯔꾸네를 좋아해서 따로 주문했습니다 1인당 이슬이 3병 각입니다,"['인계동', '범계', '공휴일', '저녁', '웨이팅', '안내', '김치', '카츠', '모듬', '꼬치', '가격대', '꼬치', '종류', '랜덤', '새우', '베이컨', '말이', '요청', '포함', '원래', '쯔꾸네', '이슬']",1
A,잔잔 범계역점,"#범계술집#범계맛집#범계모임장소
남편과 데이트 할때면 무조건 오는 잔잔~^^
맛난이들이 잔뜩~
달달한술과 분위기 너무 좋아요~🤗","범계술집범계맛집범계모임장소
남편과 데이트 할때면 무조건 오는 잔잔
맛난이들이 잔뜩
달달한술과 분위기 너무 좋아요","['범계', '술집', '범계', '맛집', '모임', '장소', '남편', '데이트', '분위기']",0
A,잔잔 범계역점,범계술집하면 믿고 먹는 잔잔이죠 !! 안주 뭘 시켜도 너무 맛있고 하이볼 음료 삼아 소주 마시는 재미 ….ㅎㅎㅎ 본관도 별관도 분위기 좋아서 올 때마다 만족합니다 ❤️,범계술집하면 믿고 먹는 잔잔이죠  안주 뭘 시켜도 너무 맛있고 하이볼 음료 삼아 소주 마시는 재미  본관도 별관도 분위기 좋아서 올 때마다 만족합니다 ,"['범계', '술집', '안주', '음료', '소주', '재미', '본관', '별관', '분위기', '만족']",0
A,잔잔 범계역점,"매번 지나가면서 와야지 와야지 하다 드디어 처음 와봣는데 생맥주 너무 맛잇네요~ 매장 분위기도 좋고 야외도 잇어서 날씨 좋을때 또 와야겟숩니다 ㅎㅎ


#범계술집
#범계맛집
#안양맛집","매번 지나가면서 와야지 와야지 하다 드디어 처음 와봣는데 생맥주 너무 맛잇네요 매장 분위기도 좋고 야외도 잇어서 날씨 좋을때 또 와야겟숩니다 


범계술집
범계맛집
안양맛집","['처음', '생맥주', '매장', '분위기', '야외', '날씨', '범계', '술집', '범계', '맛집', '안양', '맛집']",0
A,잔잔 범계역점,저번에 맛있어서 또 방문했어요ㅎㅎ 범계 술집 맛집 답게 사람도 많고 음식도 역시 맛있구~ 오늘은 김치카츠나베랑~ 팽이버섯삼겹꼬치!! 역시 오늘도 맛있게 잘먹었습니다^_^,저번에 맛있어서 또 방문했어요 범계 술집 맛집 답게 사람도 많고 음식도 역시 맛있구 오늘은 김치카츠나베랑 팽이버섯삼겹꼬치 역시 오늘도 맛있게 잘먹었습니다,"['저번', '범계', '술집', '맛집', '사람', '음식', '오늘', '김치', '카츠', '팽이버섯', '꼬치', '오늘']",-1
A,잔잔 범계역점,"이자카야 잔잔 정말 맛있습니다. 일본식 안주 좋아하시면 강추드립니다. 분위기도 아늑하고 자주 올거같아요!
안주가 진짜 맛있습니다.


#범계술집
#범계맛집","이자카야 잔잔 정말 맛있습니다 일본식 안주 좋아하시면 강추드립니다 분위기도 아늑하고 자주 올거같아요
안주가 진짜 맛있습니다


범계술집
범계맛집","['이자카야', '일본식', '안주', '분위기', '안주', '범계', '술집', '범계', '맛집']",2
A,잔잔 범계역점,"범계 술집 잔잔!!!
검색하고 왔는데 분위기는 기본 친절한 서비스~~
넘넘 기분좋게 먹었어요~
나중에 스키야키먹으로 고고 해야할듯
이사와서 술집 하나씩 찾아다니며 먹는데 강추!!!
또 올께요~~","범계 술집 잔잔
검색하고 왔는데 분위기는 기본 친절한 서비스
넘넘 기분좋게 먹었어요
나중에 스키야키먹으로 고고 해야할듯
이사와서 술집 하나씩 찾아다니며 먹는데 강추
또 올께요","['범계', '술집', '검색', '분위기', '기본', '친절', '서비스', '기분', '나중', '스키야키', '고고', '이사', '술집']",2
A,잔잔 범계역점,"범계역에서 동료들과 1차 끝내고 2차 장소 찾다가 들어왔어요. 최근 일본 여행을 많이 다녔는데 분위기가 비슷해요~ 충분히 어두컴컴한 분기라 대화하기 좋아하시는 분들이 방문하면 좋을것 같네요~
1. 음식이 다양한데 지금까지 시킨 안주에 실패가 없어요.
2. 직원분들이 친절합니다.
3. 매장 분위기가 좋고 넓습니다.
4. 청결하고 깨끗합니다.
5. 맥주 등 술이 시원해요. 삿포로 생맥이 아주 맛있어요.

범계역 조용하고 맛있게 먹고싶다면 추천!
#범계술집 #안양술집 #안양맛집 #범계맛집","범계역에서 동료들과 1차 끝내고 2차 장소 찾다가 들어왔어요 최근 일본 여행을 많이 다녔는데 분위기가 비슷해요 충분히 어두컴컴한 분기라 대화하기 좋아하시는 분들이 방문하면 좋을것 같네요
1 음식이 다양한데 지금까지 시킨 안주에 실패가 없어요
2 직원분들이 친절합니다
3 매장 분위기가 좋고 넓습니다
4 청결하고 깨끗합니다
5 맥주 등 술이 시원해요 삿포로 생맥이 아주 맛있어요

범계역 조용하고 맛있게 먹고싶다면 추천
범계술집 안양술집 안양맛집 범계맛집","['범계', '동료', '장소', '일본', '여행', '분위기', '분기', '대화', '음식', '다양', '지금', '안주', '실패', '직원', '친절', '매장', '분위기', '청결', '맥주', '삿포로', '범계역', '범계', '술집', '안양', '술집', '안양', '맛집', '범계', '맛집']",2
A,잔잔 범계역점,범계 최고의 술집 잔잔 처음 와봤는데 너무 맛있어서 다음에도 또 방문해야겠어요 감사합니다,범계 최고의 술집 잔잔 처음 와봤는데 너무 맛있어서 다음에도 또 방문해야겠어요 감사합니다,"['범계', '최고', '술집', '다음', '감사']",0
A,잔잔 범계역점,꼬치랑 스키야키 맛집입니당 !!!! 범계 술집 올 땐 늘 이곳으로 옵니당 안쪽에도 자리 넓어서 괜찮아용 술찌는 미도리하이볼 추천!!,꼬치랑 스키야키 맛집입니당  범계 술집 올 땐 늘 이곳으로 옵니당 안쪽에도 자리 넓어서 괜찮아용 술찌는 미도리하이볼 추천,"['꼬치', '스키야키', '맛집', '범계', '술집', '안쪽', '자리', '미도리', '하이']",2
A,잔잔 범계역점,"2차로 간단하게 먹으려고왔눈데 딱이에요~!!
안주도맛나고 좋아용~!!!범계맛집~!!
범계술집추천입니당~!!😆","2차로 간단하게 먹으려고왔눈데 딱이에요
안주도맛나고 좋아용범계맛집
범계술집추천입니당","['안주', '범계', '맛집', '범계', '술집']",0
A,잔잔 범계역점,오늘은 이자카야? 했을 때 범계 잔잔 안 떠오르기 쉽지 않아요 그만큼 안주 실패 없는 잔잔~ (다만 사람이 항상 많아 정신없음 주의 ••),오늘은 이자카야 했을 때 범계 잔잔 안 떠오르기 쉽지 않아요 그만큼 안주 실패 없는 잔잔 다만 사람이 항상 많아 정신없음 주의 ,"['오늘', '이자카야', '범계', '안주', '실패', '사람', '주의']",2
A,잔잔 범계역점,"범계 술집 이자카야 추천!!!
너무 맛있고 직분들 다 친절하시고 너무좋아요!
1층이니까 분위기 술집 찾으시면 방문하세욤!","범계 술집 이자카야 추천
너무 맛있고 직분들 다 친절하시고 너무좋아요
1층이니까 분위기 술집 찾으시면 방문하세욤","['범계', '술집', '이자카야', '직분', '친절', '분위기', '술집']",2
A,잔잔 범계역점,"아자카야 분위기며 음식 다 만족합니다.
단체모임을 하기에도 좋은 곳이네요~~
직원분들도 모두 친절하시고 만족하고 갑니다.","아자카야 분위기며 음식 다 만족합니다
단체모임을 하기에도 좋은 곳이네요
직원분들도 모두 친절하시고 만족하고 갑니다","['아자카야', '분위기', '음식', '만족', '단체', '모임', '직원', '친절', '만족']",-1
A,잔잔 범계역점,"역시 범계술집은 잔잔.......
오랜만에 방문했는데 메뉴가 업그레이드됐어여
넘 맛있구... 문어 넘 맛나요
잔잔 최구🤎","역시 범계술집은 잔잔
오랜만에 방문했는데 메뉴가 업그레이드됐어여
넘 맛있구 문어 넘 맛나요
잔잔 최구","['범계', '술집', '오랜만', '메뉴', '업그레이드', '문어', '최구']",0
A,잔잔 범계역점,"모짤렐라 튀김 존맛탱인 모양 바뀜 그래도 맛은 있어용!!
꿀 찍어먹으면 더 맛있답니당 그리고 고노와다도 팔아서 친구가 좋아해옄ㅋㅋㅋ 무슨 맛으로 먹는 거지..","모짤렐라 튀김 존맛탱인 모양 바뀜 그래도 맛은 있어용
꿀 찍어먹으면 더 맛있답니당 그리고 고노와다도 팔아서 친구가 좋아해옄 무슨 맛으로 먹는 거지","['모짤렐라', '튀김', '모양', '고노와다', '친구']",4
A,잔잔 범계역점,"범계 술집중에 여기가 최고긔💕💕
닭꼬치는 나오자마자 푸파해서 사진이없는데
걍 음식 다 맛있어영.. 특히 이 룸?은 아니지만 이 자리 젤 좋아해용. 야끼교자는 첨 먹어봣는뎅 존맛","범계 술집중에 여기가 최고긔
닭꼬치는 나오자마자 푸파해서 사진이없는데
걍 음식 다 맛있어영 특히 이 룸은 아니지만 이 자리 젤 좋아해용 야끼교자는 첨 먹어봣는뎅 존맛","['범계', '술집', '최고긔', '닭꼬치', '푸파', '사진', '음식', '자리', '야끼교자']",0
A,잔잔 범계역점,"범계에서 가장 좋아하는 술집!
분위기도 좋고 친절하시고 안주도 너무 맛있어요😉
하이볼 주로 마시는데 어떤 하이볼을 시키든 다 비율이 너무 좋고 맛있어서 계속 마시게 되더라구요!
이제 단골 될 것 같아요🙂","범계에서 가장 좋아하는 술집
분위기도 좋고 친절하시고 안주도 너무 맛있어요
하이볼 주로 마시는데 어떤 하이볼을 시키든 다 비율이 너무 좋고 맛있어서 계속 마시게 되더라구요
이제 단골 될 것 같아요","['범계', '술집', '분위기', '친절', '안주', '하이', '비율', '단골']",0
A,잔잔 범계역점,"범계 술집을 찾던 중 우연히 방문한 곳인데, 정말 만족스러웠습니다. 따뜻한 조명과 아늑한 분위기가 좋았고, 숯불에 구워내는 꼬치 요리가 정말 일품이었습니다.
겉은 바삭하고 속은 촉촉한 닭꼬치와 짭짤한 염통이 특히 기억에 남네요. 범계 술집 중에서도 맛과 분위기 모두 최고인 곳이라, 편안하게 술 한 잔 즐기고 싶을 때 꼭 다시 찾게 될 것 같습니다.","범계 술집을 찾던 중 우연히 방문한 곳인데 정말 만족스러웠습니다 따뜻한 조명과 아늑한 분위기가 좋았고 숯불에 구워내는 꼬치 요리가 정말 일품이었습니다
겉은 바삭하고 속은 촉촉한 닭꼬치와 짭짤한 염통이 특히 기억에 남네요 범계 술집 중에서도 맛과 분위기 모두 최고인 곳이라 편안하게 술 한 잔 즐기고 싶을 때 꼭 다시 찾게 될 것 같습니다","['범계', '술집', '만족', '조명', '분위기', '숯불', '꼬치', '요리', '일품', '닭꼬치', '염통', '기억', '범계', '술집', '분위기', '최고', '편안']",-1
A,잔잔 범계역점,"유자사와 청귤사와 진짜 너무 맛있어요
꼬치는 무조건입니다
다음에 또 올게요 #범계술집#잔잔범계역점","유자사와 청귤사와 진짜 너무 맛있어요
꼬치는 무조건입니다
다음에 또 올게요 범계술집잔잔범계역점","['유자', '꼬치', '다음', '범계', '술집', '범계', '역점']",0
A,잔잔 범계역점,"넘 맛있어요~
가성비 좋아요~
범계술집","넘 맛있어요
가성비 좋아요
범계술집","['가성비', '범계', '술집']",0
A,잔잔 범계역점,잔잔은 믿고 먹는데죠!! 맛있는건 물론이고 범계 이자카야중에 원탑👍🏻 사람들과 대화하기도 좋고 앞으로도 자주 올거 같아요😊👍🏻👍🏻👍🏻,잔잔은 믿고 먹는데죠 맛있는건 물론이고 범계 이자카야중에 원탑 사람들과 대화하기도 좋고 앞으로도 자주 올거 같아요,"['물론', '범계', '이자카야', '사람', '대화']",2
A,잔잔 범계역점,"말모말모~ 김치카츠나베는 여기가 제일 맛있는거같아요 안주로 시켰는데 밥 말아먹고싶은 그런 느낌 그리고 아이스크림 튀김도 마싯어요 달달구리 2차로 오면 시키기 조은 안주 같아요!

#범계술집 #범계맛집","말모말모 김치카츠나베는 여기가 제일 맛있는거같아요 안주로 시켰는데 밥 말아먹고싶은 그런 느낌 그리고 아이스크림 튀김도 마싯어요 달달구리 2차로 오면 시키기 조은 안주 같아요

범계술집 범계맛집","['말모말모', '김치', '카츠', '느낌', '아이스크림', '튀김', '마싯어요', '구리', '조은', '안주', '범계', '술집', '범계', '맛집']",-1
A,잔잔 범계역점,"유명한 잔잔에서 데이트 했는데 넘 분위기도 좋고 맛나게 잘 먹었어요~~담엔 친구들이랑 와야겠어요.
안주도 분위기도 굿입니다👍👍👍🥰","유명한 잔잔에서 데이트 했는데 넘 분위기도 좋고 맛나게 잘 먹었어요담엔 친구들이랑 와야겠어요
안주도 분위기도 굿입니다","['유명', '데이트', '분위기', '친구', '안주', '분위기']",6
A,잔잔 범계역점,#범계술집 너무 맛있게 먹었고 꼬치는 무조건 여기로 오시면 될 굿 같아요 꼬치랑 배불러서 하몽멜론 먹었는데 너무 달고 맛있었어요,범계술집 너무 맛있게 먹었고 꼬치는 무조건 여기로 오시면 될 굿 같아요 꼬치랑 배불러서 하몽멜론 먹었는데 너무 달고 맛있었어요,"['범계', '술집', '꼬치', '꼬치', '하몽', '멜론']",0
A,잔잔 범계역점,"범계 술집으로 이자카야 잔잔 추천해요! 분위기, 서비스는 물론 모든 메뉴 맛이 훌륭해서 자주 찾는 곳이예요. 오늘은 오꼬노미야끼 먹었는데 부드럽고 맛있네요~!! 꼬치도 맛있고 범계 술집 중 가성비 좋고 분위기 좋은 이자카야 찾으신다면 잔잔 !",범계 술집으로 이자카야 잔잔 추천해요 분위기 서비스는 물론 모든 메뉴 맛이 훌륭해서 자주 찾는 곳이예요 오늘은 오꼬노미야끼 먹었는데 부드럽고 맛있네요 꼬치도 맛있고 범계 술집 중 가성비 좋고 분위기 좋은 이자카야 찾으신다면 잔잔 ,"['범계', '술집', '이자카야', '분위기', '서비스', '메뉴', '오꼬노미야끼', '꼬치', '범계', '술집', '가성비', '분위기', '이자카야']",2
A,잔잔 범계역점,"범계술집 이자카야 잔잔..

깔끔하고 맛있어요.
대기없이 잘 들어 왔어요.
감사합니다.
잘 먹고가욥","범계술집 이자카야 잔잔

깔끔하고 맛있어요
대기없이 잘 들어 왔어요
감사합니다
잘 먹고가욥","['범계', '술집', '이자카야', '대기', '감사']",2
A,잔잔 범계역점,"범계 술집 잔잔!
안주는 뭐 말할것두 없구요 데이트하기 정말 너무 좋은 분위기랑 인테리어에 술 종류도 다양하고 안주 맛도 기가 맥히구요 여기서 마시다보면 아무도 모르게 취해서 기분좋게 가면됩니다!","범계 술집 잔잔
안주는 뭐 말할것두 없구요 데이트하기 정말 너무 좋은 분위기랑 인테리어에 술 종류도 다양하고 안주 맛도 기가 맥히구요 여기서 마시다보면 아무도 모르게 취해서 기분좋게 가면됩니다","['범계', '술집', '안주', '데이트', '분위기', '인테리어', '종류', '다양', '안주', '기분']",0
A,잔잔 범계역점,"범계 최고술집 잔잔!!!
친구들이랑 오랜만에 놀러왔는데 분위기도 좋고
메뉴도 많아서 좋아영
또 방문예정~~!!","범계 최고술집 잔잔
친구들이랑 오랜만에 놀러왔는데 분위기도 좋고
메뉴도 많아서 좋아영
또 방문예정","['범계', '최고', '술집', '친구', '오랜만', '분위기', '메뉴', '예정']",0
A,잔잔 범계역점,범계 술집 분위기 좋고 아늑합니다-! 대기 없이 모임 하기 좋게 넓어요~,범계 술집 분위기 좋고 아늑합니다 대기 없이 모임 하기 좋게 넓어요,"['범계', '술집', '분위기', '대기', '모임']",0
A,잔잔 범계역점,"메뉴도 다양하고 음식 맛도 너무 좋아요
술이 술술 들어가네요~~ 또 방문하고 싶은 곳이에요 !!

#범계술집 #잔잔","메뉴도 다양하고 음식 맛도 너무 좋아요
술이 술술 들어가네요 또 방문하고 싶은 곳이에요 

범계술집 잔잔","['메뉴', '다양', '음식', '범계', '술집']",0
A,잔잔 범계역점,"사람들 오픈 전에 기다리고 있길래 와봤는데 아주 만족스러워요 ㅎㅎ
맛도 좋고 분위기도 좋아요!
범계 술집 가실 때 추천 합니당","사람들 오픈 전에 기다리고 있길래 와봤는데 아주 만족스러워요 
맛도 좋고 분위기도 좋아요
범계 술집 가실 때 추천 합니당","['사람', '오픈', '만족', '분위기', '범계', '술집']",0
A,잔잔 범계역점,"진짜 너무너무 맛있는 #범계술집 바로 요기입니다~
안주가 맛있고 직원분들이 친절해요!
친구들이랑 왔는데 2층은 처음오는데 아늑하고 너무 편안해요
단체도 좌석 다 준비되어있어서 완전 환영합니다
범계술집 여기 강력추천합니다
다음에 또올거에요~","진짜 너무너무 맛있는 범계술집 바로 요기입니다
안주가 맛있고 직원분들이 친절해요
친구들이랑 왔는데 2층은 처음오는데 아늑하고 너무 편안해요
단체도 좌석 다 준비되어있어서 완전 환영합니다
범계술집 여기 강력추천합니다
다음에 또올거에요","['범계', '술집', '안주', '직원', '친절', '친구', '처음', '편안', '단체', '좌석', '준비', '환영', '범계', '술집', '강력', '다음']",0
A,잔잔 범계역점,"오랜만에 왔습니다:)
모찌리도후 잔잔이 최고라서 달려왔어요
트러플 덕후는 트러플감자샐러드에 드러눕습니다
너무 맛있어요😘

#범계술집
#범계맛집
#범계하이볼맛집","오랜만에 왔습니다
모찌리도후 잔잔이 최고라서 달려왔어요
트러플 덕후는 트러플감자샐러드에 드러눕습니다
너무 맛있어요

범계술집
범계맛집
범계하이볼맛집","['오랜만', '모찌리도후', '최고', '트러플', '덕후', '트러플', '감자', '샐러드', '범계', '술집', '범계', '맛집', '범계', '하이']",0
A,잔잔 범계역점,"분리된 자리가 있어서 지인끼리
얘기하기 좋아요~~
술종류도 많고 안주도 다양해서 좋아요~
다음에 또 올게요^^

#범계술집 #잔잔","분리된 자리가 있어서 지인끼리
얘기하기 좋아요
술종류도 많고 안주도 다양해서 좋아요
다음에 또 올게요

범계술집 잔잔","['분리', '자리', '지인', '얘기', '종류', '안주', '다양', '다음', '범계', '술집']",0
A,잔잔 범계역점,"#범계술집
남자친구랑 저번에 연어 먹고 맛있어서 또 왔어요! 치킨난반 바삭하니 맛있네요. 지난번엔 2층에 앉았는데 1층 창가에 앉으니 아늑하고 좋아요! 담에 꼬치먹으러올게용","범계술집
남자친구랑 저번에 연어 먹고 맛있어서 또 왔어요 치킨난반 바삭하니 맛있네요 지난번엔 2층에 앉았는데 1층 창가에 앉으니 아늑하고 좋아요 담에 꼬치먹으러올게용","['범계', '술집', '남자', '친구', '저번', '연어', '치킨', '지난번', '창가', '꼬치']",-1
A,잔잔 범계역점,"와- 또치 대존맛이여
#범계술집","와 또치 대존맛이여
범계술집","['대조', '범계', '술집']",0
A,잔잔 범계역점,"산토리 샌맥주를 저렴하게 즐길수있는 야키토리 쟌쟌
진짜 쟌맛 맥주랑 어울리는 간단 메뉴들도 다양해서 골라먹기 쌉가넝 또올거에요 #범계술집","산토리 샌맥주를 저렴하게 즐길수있는 야키토리 쟌쟌
진짜 쟌맛 맥주랑 어울리는 간단 메뉴들도 다양해서 골라먹기 쌉가넝 또올거에요 범계술집","['산토리', '맥주', '야키토리', '쟌쟌', '쟌맛', '맥주', '메뉴', '다양', '쌉가넝', '범계', '술집']",0
B,이자카야 이태원,"와... 단언컨대, 웬만한 횟집보다 맛있습니다.

물론 다른 안주도 말하지 않아도 맛있어요.

한 번 방문하시면 정말 단골이 되실 거예요.

저도 그랬어요! ㅎㅎ😊

사장님과 전혀 관계가 없습니다.

진심으로 맛있어서 리뷰를 남깁니다😊

안양에서 이자카야를 찾으신다면범계 이자카야 이태원을 추천합니다.

방문해 보세요.

아... 나만 알고 싶은 곳이긴 하지만 🥲😊","와 단언컨대 웬만한 횟집보다 맛있습니다

물론 다른 안주도 말하지 않아도 맛있어요

한 번 방문하시면 정말 단골이 되실 거예요

저도 그랬어요 

사장님과 전혀 관계가 없습니다

진심으로 맛있어서 리뷰를 남깁니다

안양에서 이자카야를 찾으신다면범계 이자카야 이태원을 추천합니다

방문해 보세요

아 나만 알고 싶은 곳이긴 하지만 ","['단언', '횟집', '안주', '단골', '사장', '관계', '진심', '리뷰', '안양', '이자카야', '범계', '이자카야', '이태원']",2
B,이자카야 이태원,"언제나 방문할 때마다 가족처럼 반겨주시는 사장님
직원분들
맛은 진짜 말하지 않아도 최고😊👍
꼭 한번 방문해 보세요 후회 없습니다

#지인,가족❌ #내돈내산 #맛집
#찐단골#안양이자카야이태원","언제나 방문할 때마다 가족처럼 반겨주시는 사장님
직원분들
맛은 진짜 말하지 않아도 최고
꼭 한번 방문해 보세요 후회 없습니다

지인가족 내돈내산 맛집
찐단골안양이자카야이태원","['가족', '사장', '직원', '최고', '후회', '지인', '가족', '맛집', '단골', '안양', '이자카야', '이태원']",2
B,이자카야 이태원,"너어무 맛있어서👍🏻👍🏻👍🏻 이번엔 가족들 데리고 방문했는데 다들 너무 맛있다고 해줘서 뿌듯 ㅎㅎ
음식도 맛있고 분위기도 좋고 노래도 좋고 사장님도 직원분들도 친절하시고 이렇게 완벽한 가게가 범계에 있다니☺️
범계에 오면 무조건 이자카야 이태원~~","너어무 맛있어서 이번엔 가족들 데리고 방문했는데 다들 너무 맛있다고 해줘서 뿌듯 
음식도 맛있고 분위기도 좋고 노래도 좋고 사장님도 직원분들도 친절하시고 이렇게 완벽한 가게가 범계에 있다니
범계에 오면 무조건 이자카야 이태원","['너어무', '이번', '가족', '음식', '분위기', '노래', '사장', '직원', '친절', '완벽', '가게', '범계', '범계', '이자카야', '이태원']",2
B,이자카야 이태원,"너무 맛있어요! 친구 데리고 왔는데 대만족!!
안주 맛있어서 술 쭉쭉 들어가용 범계 안주 맛집이에용🫶🏻🫶🏻","너무 맛있어요 친구 데리고 왔는데 대만족
안주 맛있어서 술 쭉쭉 들어가용 범계 안주 맛집이에용","['친구', '만족', '안주', '범계', '안주', '맛집']",0
B,이자카야 이태원,음식이 맛있고 분위기 좋아서 청모하기에 딱 좋았어요 ㅎㅎㅎ,음식이 맛있고 분위기 좋아서 청모하기에 딱 좋았어요 ,"['음식', '분위기']",-1
B,이자카야 이태원,이태원~~~~~❤️❤️❤️ 너무맛잇아용,이태원 너무맛잇아용,"['이태원', '너무맛잇아용']",2
B,이자카야 이태원,한입 먹는 순간 주방으로 달려가 사장님 이마에 뽀뽀 쪼오옥 하고 싶은 그런 맛. 무얼 시켜도 실패 없는 이자카야 이태원 입니다. 사장님도 센스가 넘쳐서 집 갈때 다시 생각나는 가게 입니다. 추천추천 😉,한입 먹는 순간 주방으로 달려가 사장님 이마에 뽀뽀 쪼오옥 하고 싶은 그런 맛 무얼 시켜도 실패 없는 이자카야 이태원 입니다 사장님도 센스가 넘쳐서 집 갈때 다시 생각나는 가게 입니다 추천추천 ,"['순간', '주방', '사장', '이마', '뽀뽀', '쪼오옥', '실패', '이자카야', '이태원', '사장', '센스', '가게']",2
B,이자카야 이태원,숙성회가 너무 맛있고요. 회가 나오는데 늦을거 같다고 하시더니 서비스를 왕창 주시네요.. 여긴 돈쭐나길 바랍니다. 많이 이용해 주세요!!,숙성회가 너무 맛있고요 회가 나오는데 늦을거 같다고 하시더니 서비스를 왕창 주시네요 여긴 돈쭐나길 바랍니다 많이 이용해 주세요,"['숙성', '서비스', '돈쭐나', '이용']",3
B,이자카야 이태원,"혼자와도, 둘이와도, 여럿이 와도 언제나 좋습니다! 언제나 한결같이 친절하고 다정한 사장님! 담음새부터 어여쁜 사시미! 오늘도 잘 먹고 갑니다!",혼자와도 둘이와도 여럿이 와도 언제나 좋습니다 언제나 한결같이 친절하고 다정한 사장님 담음새부터 어여쁜 사시미 오늘도 잘 먹고 갑니다,"['혼자', '여럿', '친절', '다정', '사장', '사시미', '오늘']",-1
B,이자카야 이태원,범계올때마다 항상 들리는데 항상 맛있고 사시미 두툼한거 좋아하는데 딱입니다. .. 꼭 드셔보십셔..😃,범계올때마다 항상 들리는데 항상 맛있고 사시미 두툼한거 좋아하는데 딱입니다  꼭 드셔보십셔,"['범계', '사시미', '드셔보십셔']",-1
B,이자카야 이태원,음식이 너무 맛있어요 ! 하이볼도 상큼하고 안밍밍하고 너무 맛있어요 ! 깨끗하고 분위기 좋아서 너무 만족합니다!,음식이 너무 맛있어요  하이볼도 상큼하고 안밍밍하고 너무 맛있어요  깨끗하고 분위기 좋아서 너무 만족합니다,"['음식', '분위기', '만족']",5
B,이자카야 이태원,직원분 너무너무 친절하시고 음식 너무 맛있어여~!! 2번째 방문인데 항상 맛있게 먹고 가는것 같아용 꼬치도 너무너무 맛있어여 ㅎㅎ 많이버세용 ♡♡,직원분 너무너무 친절하시고 음식 너무 맛있어여 2번째 방문인데 항상 맛있게 먹고 가는것 같아용 꼬치도 너무너무 맛있어여  많이버세용 ,"['직원', '친절', '음식', '꼬치']",3
B,이자카야 이태원,"진짜 범계에서 이런 술집 못찾아요.....
한번만 올 수 없는 이런 술집!!
어느세 단골이 되어버린..🫠","진짜 범계에서 이런 술집 못찾아요
한번만 올 수 없는 이런 술집
어느세 단골이 되어버린","['범계', '술집', '술집', '단골']",0
B,이자카야 이태원,"안주가 맛있어서 자주 오는 곳인데..
오늘도 너무 맛있어요!😍","안주가 맛있어서 자주 오는 곳인데
오늘도 너무 맛있어요","['안주', '오늘']",5
B,이자카야 이태원,"산더미 유린기 최고입니다
사랑합니다 사장님!","산더미 유린기 최고입니다
사랑합니다 사장님","['산더미', '유린', '최고', '사랑합니다', '사장']",3
B,이자카야 이태원,"자주 가고싶어도 그러지 못해 아쉬운 곳입니다 가끔 가지만 갈때마다 기분좋은곳입니다 사장님 직원분 다 너무너무 친절하시고 하루 일하면서 받은 스트레스 다 잊도록 해주는 아주 기분좋은곳입니다^^ 오래오래 다니고 싶어요ㅋㅋ 사장님, 직원분 다 감사합니다",자주 가고싶어도 그러지 못해 아쉬운 곳입니다 가끔 가지만 갈때마다 기분좋은곳입니다 사장님 직원분 다 너무너무 친절하시고 하루 일하면서 받은 스트레스 다 잊도록 해주는 아주 기분좋은곳입니다 오래오래 다니고 싶어요 사장님 직원분 다 감사합니다,"['기분', '사장', '직원', '친절', '하루', '스트레스', '기분', '사장', '직원', '감사']",3
B,이자카야 이태원,"너무 맛있어요!!
흰살생선을 좋아하는 편인데
연어랑 참치가 입에서 녹고 달아요ㅎㅎ
감사합니다!!!","너무 맛있어요
흰살생선을 좋아하는 편인데
연어랑 참치가 입에서 녹고 달아요
감사합니다","['생선', '연어', '참치', '감사']",3
B,이자카야 이태원,정말 맛있어요! 모든 메뉴가 다 맛있고 자몽하이볼도 예쁘고 맛있습니다♡,정말 맛있어요 모든 메뉴가 다 맛있고 자몽하이볼도 예쁘고 맛있습니다,"['메뉴', '자몽', '하이']",-1
B,이자카야 이태원,"항상 갈 때마다 행복하고 너무 좋은 가게입니다
오래오래 계셔주셔서 감사해요❤️","항상 갈 때마다 행복하고 너무 좋은 가게입니다
오래오래 계셔주셔서 감사해요","['행복', '가게', '감사']",3
B,이자카야 이태원,"너무 맛나고 술이 술술 들어가서 좋은곳
노래도 좋고 행복한 술집
또 오고 싶은곳
자주 방문하면 살찔거 같아요 ㅋㅋ","너무 맛나고 술이 술술 들어가서 좋은곳
노래도 좋고 행복한 술집
또 오고 싶은곳
자주 방문하면 살찔거 같아요 ","['노래', '행복', '술집']",-1
B,이자카야 이태원,너무맛있어요 친절하고 좋았습니다 재방문 의사 백프로 감사해용 ❤️,너무맛있어요 친절하고 좋았습니다 재방문 의사 백프로 감사해용 ,"['친절', '의사', '감사']",3
B,이자카야 이태원,여기서 메뉴 많이 먹었는데 거의 다 맛있어요 꼬치도 맛있고 사시미도 맛있고 사이드도 다 너무 맛나요 그리고 직원분들 왕 친절하심요,여기서 메뉴 많이 먹었는데 거의 다 맛있어요 꼬치도 맛있고 사시미도 맛있고 사이드도 다 너무 맛나요 그리고 직원분들 왕 친절하심요,"['메뉴', '꼬치', '사시미', '사이드', '직원', '친절']",3
B,이자카야 이태원,"범계에 수많은 술집과 이자카야가 있지만 여기만한 곳은 없어요🧡
범계 1등 이자카야👍👍
오랜만에 방문했는데도 역시나 그 맛 그대로 너무 맛있게 잘 먹었습니다!","범계에 수많은 술집과 이자카야가 있지만 여기만한 곳은 없어요
범계 1등 이자카야
오랜만에 방문했는데도 역시나 그 맛 그대로 너무 맛있게 잘 먹었습니다","['범계', '술집', '이자카야', '범계', '이자카야', '오랜만']",2
B,이자카야 이태원,모든 안주가 맛있는 이태원 술도 술이지만 안주가 계속 생각나요!,모든 안주가 맛있는 이태원 술도 술이지만 안주가 계속 생각나요,"['안주', '이태원', '안주']",-1
B,이자카야 이태원,파스타집 안가도됨,파스타집 안가도됨,['파스타'],1
B,이자카야 이태원,사연 많은 날에 방문해서 둘다 우느라 다 먹지 못한게 한입니다 많은 이자카야를 다녔지만 음식 정말 정갈하게 나오구요 결제하고 나오던 마지막에 전해주신 마음도 잘 받았습니다 동생도 요리를 하는지라 남긴 음식이 주방에 어떤 메세지로 돌아갈지 알기에 더욱 죄송했어요 음식은 진짜 최고였어요 잘 해결하고 그릇 완파하게 다시 찾아뵐께요 따뜻하고 좋은 음식 감사드려요,사연 많은 날에 방문해서 둘다 우느라 다 먹지 못한게 한입니다 많은 이자카야를 다녔지만 음식 정말 정갈하게 나오구요 결제하고 나오던 마지막에 전해주신 마음도 잘 받았습니다 동생도 요리를 하는지라 남긴 음식이 주방에 어떤 메세지로 돌아갈지 알기에 더욱 죄송했어요 음식은 진짜 최고였어요 잘 해결하고 그릇 완파하게 다시 찾아뵐께요 따뜻하고 좋은 음식 감사드려요,"['사연', '우느라', '이자카야', '음식', '결제', '마지막', '마음', '동생', '요리', '음식', '주방', '메세지', '음식', '최고', '해결', '완파', '음식', '감사']",3
B,이자카야 이태원,"오랜만에 이태원에 방문했는데 여전히 맛있네요!
범계에서 이자카야 가고 싶으시면 여기 강추합니다!","오랜만에 이태원에 방문했는데 여전히 맛있네요
범계에서 이자카야 가고 싶으시면 여기 강추합니다","['오랜만', '이태원', '범계', '이자카야']",2
B,이자카야 이태원,"이자카야 이태원 시메사바는 정말 전국 최고에요!
꼬치도 숯향이 풍부한 게 완전 맛도리~
너무 잘 먹었어요^^","이자카야 이태원 시메사바는 정말 전국 최고에요
꼬치도 숯향이 풍부한 게 완전 맛도리
너무 잘 먹었어요","['이자카야', '이태원', '시메사바', '전국', '최고', '꼬치', '도리']",2
B,이자카야 이태원,"범계에서 이자카야 가고 싶으면 항상 오는 이태원! 벌써 몇 번째 방문인지 모르겠어요 ㅎㅎ
유린기는 처음 먹어봤는데 너무 맛있네요
모든 안주가 맛있는 이태원! 또 올게요 :)","범계에서 이자카야 가고 싶으면 항상 오는 이태원 벌써 몇 번째 방문인지 모르겠어요 
유린기는 처음 먹어봤는데 너무 맛있네요
모든 안주가 맛있는 이태원 또 올게요 ","['범계', '이자카야', '이태원', '유린기', '처음', '안주', '이태원']",2
B,이자카야 이태원,진짜 여긴.. 그냥 말해뭐해요 안주 가성비 갑! 맛 갑!!! 안 올 이유가 없습니다..!! 친구가 맛있다고 해서 방문했는데 회가 일단 너무 싼데 비린 맛 하나두 없구요. 짬뽕탕이랑 꼬치 먹었는데 정말 너무 맛있습니다..! 안양 술집은?? 이태원이다!! 이겁니다!! 맛있으니까 다들 꼭 오시고 번창하세용!!💓🫶🏻💕♥️🥰🫡,진짜 여긴 그냥 말해뭐해요 안주 가성비 갑 맛 갑 안 올 이유가 없습니다 친구가 맛있다고 해서 방문했는데 회가 일단 너무 싼데 비린 맛 하나두 없구요 짬뽕탕이랑 꼬치 먹었는데 정말 너무 맛있습니다 안양 술집은 이태원이다 이겁니다 맛있으니까 다들 꼭 오시고 번창하세용,"['안주', '가성비', '이유', '친구', '짬뽕', '꼬치', '술집', '이태원', '번창']",0
B,이자카야 이태원,"너무 맛있고 분위기도 좋아요
또 올게요!!!","너무 맛있고 분위기도 좋아요
또 올게요",['분위기'],5
B,이자카야 이태원,지인 추천으로 왔는데 너무너무 친절하시고 안주도 나므 맛있고 최고에요!! 다음에 또 올게용🙏👌,지인 추천으로 왔는데 너무너무 친절하시고 안주도 나므 맛있고 최고에요 다음에 또 올게용,"['지인', '친절', '안주', '나므', '최고', '다음']",3
B,이자카야 이태원,"안주가 너무 맛있어요

처음와봤는데 너무 만족합니다!!!","안주가 너무 맛있어요

처음와봤는데 너무 만족합니다","['안주', '만족']",5
B,이자카야 이태원,"주문과 동시에 바로 조리해주시는 음식들이 너무 맛있고
유린기 꼬치 회 전부 완벽합니당 ..
특히 광어회는 다른곳에서 맛보지못한 쫄깃함이 차원이 다르고 조용하고 분위기 있는 가게도 너무 좋습니다!!
회식이나 가까운사람들과의 술자리 모두 좋을듯 합니다 완전 추천 ^^b","주문과 동시에 바로 조리해주시는 음식들이 너무 맛있고
유린기 꼬치 회 전부 완벽합니당 
특히 광어회는 다른곳에서 맛보지못한 쫄깃함이 차원이 다르고 조용하고 분위기 있는 가게도 너무 좋습니다
회식이나 가까운사람들과의 술자리 모두 좋을듯 합니다 완전 추천 b","['동시', '조리', '음식', '유린', '꼬치', '완벽', '광어회', '차원', '분위기', '가게', '회식', '사람', '술자리']",4
B,이자카야 이태원,"좀 멀리 사는 지인을 1년 만에 만났는데
그 1년 전 먹었던 시메사바와 모듬 사시미가 계속 생각났다고 해서 또 먹으러 왔어요 ㅎㅎ
범계 이자카야 중 늘 최고!!","좀 멀리 사는 지인을 1년 만에 만났는데
그 1년 전 먹었던 시메사바와 모듬 사시미가 계속 생각났다고 해서 또 먹으러 왔어요 
범계 이자카야 중 늘 최고","['지인', '시메사바', '모듬', '사시미', '생각', '범계', '이자카야', '최고']",2
B,이자카야 이태원,"안양 범계 분위기 좋은 술집 이자카야 이태원 처음으로 방문했습니다!
지인한테 추천 받아서 방문했는데 결론적으로 너무 좋은 선택이었어요 👍🏻
일단 분위기도 너무 좋고, 사장님이랑 직원분들도 너무 친절하셔서 친구들이랑 기분 좋게 술 한잔 할수 있었습니다!
그리고 회랑 여러가지 안주들도 너무 맛있어서 회 한점에 술 한잔 곁들이기 너무 좋았습니다 🤭
서비스도 잘 챙겨 주시고 매장도 깔끔해서 다음에 또 방문할 예정입니다!
번창하세요 사장님 😊🩷","안양 범계 분위기 좋은 술집 이자카야 이태원 처음으로 방문했습니다
지인한테 추천 받아서 방문했는데 결론적으로 너무 좋은 선택이었어요 
일단 분위기도 너무 좋고 사장님이랑 직원분들도 너무 친절하셔서 친구들이랑 기분 좋게 술 한잔 할수 있었습니다
그리고 회랑 여러가지 안주들도 너무 맛있어서 회 한점에 술 한잔 곁들이기 너무 좋았습니다 
서비스도 잘 챙겨 주시고 매장도 깔끔해서 다음에 또 방문할 예정입니다
번창하세요 사장님 ","['안양', '범계', '분위기', '술집', '이자카야', '이태원', '처음', '지인', '결론', '선택', '분위기', '사장', '직원', '친절', '친구', '기분', '한잔', '회랑', '안주', '한잔', '서비스', '매장', '깔끔', '다음', '예정', '번창', '사장']",2
B,이자카야 이태원,안주 넘 맛있어요~ 사케도 종류가 많네요:),안주 넘 맛있어요 사케도 종류가 많네요,"['안주', '사케', '종류']",0
C,파랑새야,다른 곳 닭구이 맛없어서 오랫동안 안 먹다가 여기 맛있다고 해서 어쩌다 방문했는데 완전 차원이 다른 닭구이였습니다!! 고기는 신선했고 냄새 하나도 안 나고 호불호 없이 맛있게 먹을 맛이에요 ㅋㅋ 매장도 아늑하게 분위기 좋아요,다른 곳 닭구이 맛없어서 오랫동안 안 먹다가 여기 맛있다고 해서 어쩌다 방문했는데 완전 차원이 다른 닭구이였습니다 고기는 신선했고 냄새 하나도 안 나고 호불호 없이 맛있게 먹을 맛이에요  매장도 아늑하게 분위기 좋아요,"['구이', '오랫동안', '차원', '구이', '고기', '냄새', '호불호', '매장', '분위기']",4
C,파랑새야,"보기힘든 닭고기 특수부위 집

기본 반찬으로 닭껍질 튀김이 올라간 샐러드가 나온다. 특수부위들 모두 잡내 안나고 맛있었고 복숭아 사와도 음료수 같아서 잘 들어간다. 인테리어는 딱 일본 이자카야풍

다만 가격이 그렇게 착하지는 않다. 그래도 나쁘진 않은 곳","보기힘든 닭고기 특수부위 집

기본 반찬으로 닭껍질 튀김이 올라간 샐러드가 나온다 특수부위들 모두 잡내 안나고 맛있었고 복숭아 사와도 음료수 같아서 잘 들어간다 인테리어는 딱 일본 이자카야풍

다만 가격이 그렇게 착하지는 않다 그래도 나쁘진 않은 곳","['닭고기', '특수', '부위', '기본', '반찬', '껍질', '튀김', '샐러드', '특수', '부위', '잡내', '복숭아', '음료수', '인테리어', '일본', '이자카야', '가격']",1
C,파랑새야,생기는 순간부터 가보고 싶었던 곳인데 이제서야 왔네요 너무 늦게서야 와봤지만 명성대로 모든메뉴가 맛있어요!! 다만 파스타를 먹었어야 했는데 너무 배불러서 못먹었는데 다음번엔 꼭 파스타를 먹어야겠어요!!! 그리고 무엇보다 유자맥주 별미 느끼함을 잡아줘서 아주 좋습니다!!,생기는 순간부터 가보고 싶었던 곳인데 이제서야 왔네요 너무 늦게서야 와봤지만 명성대로 모든메뉴가 맛있어요 다만 파스타를 먹었어야 했는데 너무 배불러서 못먹었는데 다음번엔 꼭 파스타를 먹어야겠어요 그리고 무엇보다 유자맥주 별미 느끼함을 잡아줘서 아주 좋습니다,"['순간', '이제', '명성', '메뉴', '파스타', '다음번', '파스타', '유자', '맥주', '별미']",1
C,파랑새야,"어제 친구들이랑 왔다가 넘 맛있어서 오늘 남자친구랑 또 왔어요ㅎ.ㅎ 양이 많아보이진 않은데 먹고 나면 진짜 배불러요!
오늘은 비가 와서 웨이팅 없이 들어갔는데 전 날엔 저녁시간대에 30분 정도 기다린 거 같아요! 그치만 직원분들 너무 친절하고 정말 맛있어요🥹❤️‍🔥","어제 친구들이랑 왔다가 넘 맛있어서 오늘 남자친구랑 또 왔어요 양이 많아보이진 않은데 먹고 나면 진짜 배불러요
오늘은 비가 와서 웨이팅 없이 들어갔는데 전 날엔 저녁시간대에 30분 정도 기다린 거 같아요 그치만 직원분들 너무 친절하고 정말 맛있어요","['친구', '남자', '친구', '오늘', '웨이팅', '저녁', '시간대', '정도', '직원', '친절']",6
C,파랑새야,남자친구랑 기념일로 또 방문했어요 대기 시간은 길지만 기다린만큼 맛있게 먹어서 항상 배부르게 가는곳입니다!! 잘먹었습니다,남자친구랑 기념일로 또 방문했어요 대기 시간은 길지만 기다린만큼 맛있게 먹어서 항상 배부르게 가는곳입니다 잘먹었습니다,"['남자친구', '기념일', '대기', '시간']",6
C,파랑새야,다양한 부위의 닭고기를 맛볼 수 있어서 좋았습니다. 그리고 닭날개 진짜 맛있었어요! 가게가 작아서 소수인원으로밖에 못가고 웨이팅이 있지만 종종 또 가고싶은 식당이었던 것 같습니다😊 직원분들도 다들 너무 친절하셔서 기분 좋게 식사했습니다,다양한 부위의 닭고기를 맛볼 수 있어서 좋았습니다 그리고 닭날개 진짜 맛있었어요 가게가 작아서 소수인원으로밖에 못가고 웨이팅이 있지만 종종 또 가고싶은 식당이었던 것 같습니다 직원분들도 다들 너무 친절하셔서 기분 좋게 식사했습니다,"['다양', '부위', '닭고기', '날개', '가게', '소수', '인원', '웨이팅', '식당', '직원', '친절', '기분', '식사']",3
C,파랑새야,"토요일에 갔는데 예약 한 14팀은 있어서 못먹어서 일요일에 7팀 기다리고 먹었어요!!!
생각보다 기다리는 시간은 10분듀 안걸린것같아요 ㅎㅎ
그리고 첫입 먹었을땐,, 왜 이렇게 웨이팅이 많은지 알겠더라고요 ㅠㅠㅠ 너무 맛있어요 ㅠㅠ 남편이랑 좋은추억을 남겨주셔서 감사해요 또 올게요!!","토요일에 갔는데 예약 한 14팀은 있어서 못먹어서 일요일에 7팀 기다리고 먹었어요
생각보다 기다리는 시간은 10분듀 안걸린것같아요 
그리고 첫입 먹었을땐 왜 이렇게 웨이팅이 많은지 알겠더라고요  너무 맛있어요  남편이랑 좋은추억을 남겨주셔서 감사해요 또 올게요","['토요일', '예약', '일요일', '생각', '시간', '웨이팅', '남편', '추억', '감사']",6
C,파랑새야,"왜 유명한지 알겠어요!!
닭구이 먹으려고갔는데 점심엔 식사랑 테바사키만 가능해서 가볍게 생맥이랑 먹었네요^^
친절하시고 맛있어서 저녁엔 남친이랑 닭구이 먹으러 오려구요~~","왜 유명한지 알겠어요
닭구이 먹으려고갔는데 점심엔 식사랑 테바사키만 가능해서 가볍게 생맥이랑 먹었네요
친절하시고 맛있어서 저녁엔 남친이랑 닭구이 먹으러 오려구요","['유명', '구이', '점심', '식사', '테바사키', '가능', '친절', '저녁', '남친', '구이']",4
C,파랑새야,"일본 감성에 맛있는 안주들까지..
기본으로 주시는 메뉴들은 이게 기본이 맞나 싶을 정도로 양도 많고 맛있어요… 안양 사람도 아닌데 앞으로 안양가면 진심 또 갈꺼임. 런치 스프카레 못 먹은게 한이랍니다.","일본 감성에 맛있는 안주들까지
기본으로 주시는 메뉴들은 이게 기본이 맞나 싶을 정도로 양도 많고 맛있어요 안양 사람도 아닌데 앞으로 안양가면 진심 또 갈꺼임 런치 스프카레 못 먹은게 한이랍니다","['일본', '감성', '안주', '기본', '메뉴', '기본', '정도', '사람', '안양', '진심', '런치', '스프', '카레']",1
C,파랑새야,"웨이팅 길어서 오랜만에 먹는데 진짜진짜 맛있어요♡
다른 곳에서 먹을 수 없는 닭 특수부위인데 잡내가 하나도 없어요. 익히기 어려운데 구워주시고 잘라주시는 것도 좋고, 버섯도 대파도 방울토마토도 다다 맛있습니다! 샐러드도 닭육수도 맛있고 찍어 먹는 소스들도 다 특별해요♡ 생맥주랑도 아주 잘 어울리니 꼭 같이 드세요!
치즈볶음밥은 반드시 드셔야 합니다! 볶음밥 10인분 포장해가고 싶어요! 직원분들도 친절하시고 유일한 단점은 웨이팅이 긴 것 뿐이네요. 어서 또 먹을 수 있길!♡","웨이팅 길어서 오랜만에 먹는데 진짜진짜 맛있어요
다른 곳에서 먹을 수 없는 닭 특수부위인데 잡내가 하나도 없어요 익히기 어려운데 구워주시고 잘라주시는 것도 좋고 버섯도 대파도 방울토마토도 다다 맛있습니다 샐러드도 닭육수도 맛있고 찍어 먹는 소스들도 다 특별해요 생맥주랑도 아주 잘 어울리니 꼭 같이 드세요
치즈볶음밥은 반드시 드셔야 합니다 볶음밥 10인분 포장해가고 싶어요 직원분들도 친절하시고 유일한 단점은 웨이팅이 긴 것 뿐이네요 어서 또 먹을 수 있길","['웨이팅', '오랜만', '특수', '부위', '잡내', '버섯', '방울토마토', '샐러드', '육수', '소스', '특별', '생맥주', '치즈', '볶음밥', '볶음밥', '포장', '직원', '친절', '유일', '단점', '웨이팅']",1
C,파랑새야,"매번 범계 맛집하면 생각나는 곳 입니다! 30번 넘게 간 거 같아요
너무 맛있고 닭구이 다 먹고 볶음밥이 아주 맛있고 샐러드랑 같이 먹으면 찰떡궁합입니다 무조건 추천합니다
일본 분위기도 진짜 일본 놀러와서 먹는 것 같아요 !!! 다음에 또 올게요","매번 범계 맛집하면 생각나는 곳 입니다 30번 넘게 간 거 같아요
너무 맛있고 닭구이 다 먹고 볶음밥이 아주 맛있고 샐러드랑 같이 먹으면 찰떡궁합입니다 무조건 추천합니다
일본 분위기도 진짜 일본 놀러와서 먹는 것 같아요  다음에 또 올게요","['범계', '맛집', '구이', '볶음밥', '샐러드', '찰떡궁합', '조건', '일본', '분위기', '일본', '다음']",1
C,파랑새야,웨이팅 적을 때마다 한 번씩 들러서 맛있게 먹구 갑니다!! 고기 잡내 없이 맛있구 요 치킨이랑 카레소스?도 맛있어요🤤😵🙌,웨이팅 적을 때마다 한 번씩 들러서 맛있게 먹구 갑니다 고기 잡내 없이 맛있구 요 치킨이랑 카레소스도 맛있어요,"['웨이팅', '고기', '잡내', '치킨', '카레', '소스']",1
C,파랑새야,브레이크타임 끝나자마자 평일인데도 불구하고 사람이 많아서 놀랐어요! 한입먹어보니 왜 유명한지 알 것 같아요! 2명이서 2인세트에 카레스프파스타 면추가까지 해서 알차게 먹고 왔습니다! 메뉴 하나하나 다 맛있었어요!!!,브레이크타임 끝나자마자 평일인데도 불구하고 사람이 많아서 놀랐어요 한입먹어보니 왜 유명한지 알 것 같아요 2명이서 2인세트에 카레스프파스타 면추가까지 해서 알차게 먹고 왔습니다 메뉴 하나하나 다 맛있었어요,"['브레이크', '타임', '평일', '사람', '유명', '세트', '카레', '스프', '파스타', '추가', '메뉴']",1
C,파랑새야,"항상 맛있는 파랑새야입니다
테바사키도 맛있었고 또 스프카레 파스타가 추가됬더라고요
점심 스프카레 메뉴도 맛있었는데 이것도 추천해요","항상 맛있는 파랑새야입니다
테바사키도 맛있었고 또 스프카레 파스타가 추가됬더라고요
점심 스프카레 메뉴도 맛있었는데 이것도 추천해요","['파랑새', '테바사키도', '스프카레', '파스타', '추가', '점심', '스프', '카레', '메뉴']",1
C,파랑새야,닭구이부터 볶음밥까지 다 맛있어요!!!! 맥주를 부르는 맛 ~ 그리고 분위기가 진짜 일본느낌나서 더 좋았어요 ㅎㅎ,닭구이부터 볶음밥까지 다 맛있어요 맥주를 부르는 맛  그리고 분위기가 진짜 일본느낌나서 더 좋았어요 ,"['구이', '볶음밥', '맥주', '분위기', '일본', '느낌']",1
C,파랑새야,"저녁은 처음 먹어보는데 맛있어요 20-30분 정도 기다렸는데 기다릴만 한 거 같아요~
전체적으로 짜서 맥쥬가 땡기는 맛이에요","저녁은 처음 먹어보는데 맛있어요 2030분 정도 기다렸는데 기다릴만 한 거 같아요
전체적으로 짜서 맥쥬가 땡기는 맛이에요","['저녁', '처음', '정도', '전체', '맥쥬']",-1
C,파랑새야,"범계 오면 무조건 생각나는 맛집입니당!🐦 닭 한마리 다 먹어서 좋아용ㅎㅎ 초벌해서 주셔서 금방 먹을 수 있고 토치로 한번 익혀주셔서 잡내가 하나도 안나요. 양념도 안된 닭만 먹는데 이렇게 맛있을 수 있나 싶네유ㅎㅎ 노른자랑 대파소금이랑 빨간 미소 양념 곁들여 먹고, 부위별로 추천 소스 보면서 먹으면 다양한 맛도 느낄수 있어 질리지도 않아요. 그리고 저녁에 오면 완벽한 맥주안주...! 더위가 날라갑니다ㅎㅎ🌞 n번째 맛집! 지인에서 지인으로 전해지는 맛집!이니 꼭 오시오!!! 그리구 치즈볶음밥 마싯어요 떡볶이맛나요 실패없움..",범계 오면 무조건 생각나는 맛집입니당 닭 한마리 다 먹어서 좋아용 초벌해서 주셔서 금방 먹을 수 있고 토치로 한번 익혀주셔서 잡내가 하나도 안나요 양념도 안된 닭만 먹는데 이렇게 맛있을 수 있나 싶네유 노른자랑 대파소금이랑 빨간 미소 양념 곁들여 먹고 부위별로 추천 소스 보면서 먹으면 다양한 맛도 느낄수 있어 질리지도 않아요 그리고 저녁에 오면 완벽한 맥주안주 더위가 날라갑니다 n번째 맛집 지인에서 지인으로 전해지는 맛집이니 꼭 오시오 그리구 치즈볶음밥 마싯어요 떡볶이맛나요 실패없움,"['범계', '초벌', '토치', '잡내', '양념', '싶네유', '노른자', '소금', '미소', '양념', '부위', '소스', '다양', '저녁', '완벽', '맥주', '안주', '더위', '맛집', '지인', '지인', '치즈', '볶음밥', '마싯어요', '떡볶이', '실패없움']",1
C,파랑새야,부위도 다양하고 메뉴구성이 너뮤 알차고 튀김들도 맛있네용 !!! 후식볶음밥도 꼭 드세요 너무 맛있어요 배부르게 잘 먹었습니다!! 💖 다음엔 런치에 방문해서 스프카레먹고시퍼요,부위도 다양하고 메뉴구성이 너뮤 알차고 튀김들도 맛있네용  후식볶음밥도 꼭 드세요 너무 맛있어요 배부르게 잘 먹었습니다  다음엔 런치에 방문해서 스프카레먹고시퍼요,"['부위', '다양', '메뉴', '구성', '너뮤', '튀김', '후식', '볶음밥', '다음', '런치', '스프카레먹고시퍼요']",1
C,파랑새야,"범계 최고의 닭구이집!
안양 최고의 닭구이집!
경기남부 최고의 닭구이집!!!!!","범계 최고의 닭구이집
안양 최고의 닭구이집
경기남부 최고의 닭구이집","['범계', '최고', '구이', '안양', '최고', '구이', '경기', '남부', '최고', '구이']",1
C,파랑새야,"소문만 들었는데 드디어 왔네요!!
고기 정말 냄새없이 맛나고
닭날개튀김은 꼭 추가해드시길요~
하이볼이랑 생맥도 굿~
아이랑 다시 올거에요~^^","소문만 들었는데 드디어 왔네요
고기 정말 냄새없이 맛나고
닭날개튀김은 꼭 추가해드시길요
하이볼이랑 생맥도 굿
아이랑 다시 올거에요","['소문', '냄새', '날개', '튀김', '추가해드시길요', '아이']",1
C,파랑새야,"맛있게 잘 먹었습니당! 생각보다 알차고 잡내도 안나서 좋았어용😶

다음에는 술 한 잔 하러 방문할 것 같아용👍","맛있게 잘 먹었습니당 생각보다 알차고 잡내도 안나서 좋았어용

다음에는 술 한 잔 하러 방문할 것 같아용","['생각', '잡내', '다음']",5
C,파랑새야,너무 맛있고 직원분들도 친절하시구 서비스가 좋아서 재방문 의사 100%에요 범계에 닭 특수부위를 이렇게 맛나게 즐길수 있어서 좋네요!!☺️😉👍,너무 맛있고 직원분들도 친절하시구 서비스가 좋아서 재방문 의사 100에요 범계에 닭 특수부위를 이렇게 맛나게 즐길수 있어서 좋네요,"['직원', '친절', '서비스', '의사', '범계', '특수', '부위']",3
C,파랑새야,"모듬구이는 닭고기를 부위별로 먹을 수 있어서 좋고, 스프카레는 닭고기가 많아서 가성비 완전 좋아요. 2시간 넘게 기다려서 먹었는데 기다려서 먹을만합니다. 직원들도 엄청 친절하고 음식도 빨리 나와서 좋아요! 무조건 재방문할거에요!",모듬구이는 닭고기를 부위별로 먹을 수 있어서 좋고 스프카레는 닭고기가 많아서 가성비 완전 좋아요 2시간 넘게 기다려서 먹었는데 기다려서 먹을만합니다 직원들도 엄청 친절하고 음식도 빨리 나와서 좋아요 무조건 재방문할거에요,"['모듬', '구이', '닭고기', '부위', '스프카레', '닭고기', '가성비', '직원', '친절', '음식']",-1
C,파랑새야,"언제가도 항상 맛있는 파랑새야..
오랜만에 볶음밥까지 먹었는데 역시나 완벽…👏👏💗","언제가도 항상 맛있는 파랑새야
오랜만에 볶음밥까지 먹었는데 역시나 완벽","['파랑새', '오랜만', '볶음밥', '완벽']",1
C,파랑새야,"범계 맛집이에요 웨이팅 꼭 필수니깐 미리하시고 닭구이 너무 맛있습니다 ~~
모든 메뉴가 맛있어요 인기 많은 이유가 있습니다","범계 맛집이에요 웨이팅 꼭 필수니깐 미리하시고 닭구이 너무 맛있습니다 
모든 메뉴가 맛있어요 인기 많은 이유가 있습니다","['범계', '맛집', '웨이팅', '필수', '구이', '메뉴', '인기', '이유']",1
C,파랑새야,"닭철판요리가 먹고 싶어서 방문했어요
인기가 많아서 웨이팅이 잇엇지만 그리 오래 기다리진않고 입장할수잇엇어요 닭모듬구이랑 테파야키 시켯습니당 기본 안주 닭껍질 튀김부터 너무 맛잇엇어요 마지막에 치즈 볶음밥 까지 먹엇어요 배불러 죽는줄 알앗어요 ㅎㅎ 범계 강추 맛집입니당 ㅋㅋ 꼭 한번들 와보세욤","닭철판요리가 먹고 싶어서 방문했어요
인기가 많아서 웨이팅이 잇엇지만 그리 오래 기다리진않고 입장할수잇엇어요 닭모듬구이랑 테파야키 시켯습니당 기본 안주 닭껍질 튀김부터 너무 맛잇엇어요 마지막에 치즈 볶음밥 까지 먹엇어요 배불러 죽는줄 알앗어요  범계 강추 맛집입니당  꼭 한번들 와보세욤","['철판', '요리', '인기', '웨이팅', '입장', '모듬', '구이', '테파야키', '기본', '안주', '껍질', '튀김', '마지막', '치즈', '볶음밥', '범계', '맛집']",1
C,파랑새야,"닭특수부위로 이루어진 닭모듬구이랑 테바츠키 먹었는데 맛있었어요! 고기 잡내도 없고 테바사키는 간이 잘 되어있었습니다
일본 음식점 분위기고 데이트나 모임하기 좋은 것 같아요ㅎㅎ
배부르게 잘 먹고 갑니다!","닭특수부위로 이루어진 닭모듬구이랑 테바츠키 먹었는데 맛있었어요 고기 잡내도 없고 테바사키는 간이 잘 되어있었습니다
일본 음식점 분위기고 데이트나 모임하기 좋은 것 같아요
배부르게 잘 먹고 갑니다","['특수부', '모듬', '구이', '테바츠키', '고기', '잡내', '테바사키', '일본', '음식점', '분위기', '데이트', '모임']",4
C,파랑새야,"예전부터 오려고 저장만했다가 왔는데 진짜 맛있어요!
닭 누린내도 전혀 안나고 각 부위별로 다 맛있슴다
소스도 세가지 있어서 먹었는데 안느끼하고 좋았어요
그리고 종업원분들도 엄청 친절하십니다ㅎㅎ","예전부터 오려고 저장만했다가 왔는데 진짜 맛있어요
닭 누린내도 전혀 안나고 각 부위별로 다 맛있슴다
소스도 세가지 있어서 먹었는데 안느끼하고 좋았어요
그리고 종업원분들도 엄청 친절하십니다","['예전', '저장', '누린내', '부위', '소스', '종업원', '친절']",3
C,파랑새야,범계 맛집 찾아보다가 닭구이 맛집으로 유명하다고 해서 방문했어요😀 직원도 친절하고 모둠구이도 테바사키도 너무맛있어요👍근처 올 일 생기면 또방문할테니 오래오래 운영 해주세요😃,범계 맛집 찾아보다가 닭구이 맛집으로 유명하다고 해서 방문했어요 직원도 친절하고 모둠구이도 테바사키도 너무맛있어요근처 올 일 생기면 또방문할테니 오래오래 운영 해주세요,"['범계', '맛집', '구이', '맛집', '유명', '직원', '친절', '모둠', '구이', '테바사키', '근처', '운영']",4
C,파랑새야,"맥주를 부르는 맛집 오랜만이었어요!!
일본 안 가도 될 정도로 닭 요리 맛나게 먹었습니당!! 웨이팅하더라도 넘 분위기도 좋고 맛있어요💕","맥주를 부르는 맛집 오랜만이었어요
일본 안 가도 될 정도로 닭 요리 맛나게 먹었습니당 웨이팅하더라도 넘 분위기도 좋고 맛있어요","['맥주', '오랜만', '일본', '정도', '요리', '웨이팅', '분위기']",1
C,파랑새야,"특별한거 먹고싶을때마다 방문합니다
맛있어용","특별한거 먹고싶을때마다 방문합니다
맛있어용",['특별'],5
C,파랑새야,일본이 그리울 때 종종 가는 안양 맛집 중 하나에요. 메인 메뉴도 맛나지만 에피타이저로 나오는 닭껍질튀김 샐러드랑 닭국물도 일품이에요ㅎ 매장 분위기도 일본스러워 일본여행 안가도 되겠어요~ 다만 오늘 시킨 밥이 좀 오래 묵혀둔 밥냄새가 나서 아쉬웠습니다. 다음엔 확인하고 주시면 감사해요^^!,일본이 그리울 때 종종 가는 안양 맛집 중 하나에요 메인 메뉴도 맛나지만 에피타이저로 나오는 닭껍질튀김 샐러드랑 닭국물도 일품이에요 매장 분위기도 일본스러워 일본여행 안가도 되겠어요 다만 오늘 시킨 밥이 좀 오래 묵혀둔 밥냄새가 나서 아쉬웠습니다 다음엔 확인하고 주시면 감사해요,"['일본', '안양', '맛집', '메인', '메뉴', '에피타이저', '껍질', '튀김', '샐러드', '국물', '일품', '매장', '분위기', '일본', '일본', '여행', '냄새', '다음', '확인', '감사']",1
C,파랑새야,"맛있다고 얘기만 자주 들었는데 직접와보니 진짜 맛있네요
피크타임에와서 한시간 대기하고 들어갔지만 ..ㅜㅜ 만족스러웠습니다","맛있다고 얘기만 자주 들었는데 직접와보니 진짜 맛있네요
피크타임에와서 한시간 대기하고 들어갔지만  만족스러웠습니다","['얘기', '피크', '타임', '대기', '만족']",6
C,파랑새야,예전에 첫 방문해보고 간만에 생각나 친구랑 방문했습니다! 여전히 너무 맛있고 여러 부속과 준비된 찍어먹는 소스들 너무 다 잘 어울렸어요!! 부속 세트랑 고기들 꼭 드셔보세요! 강추!!,예전에 첫 방문해보고 간만에 생각나 친구랑 방문했습니다 여전히 너무 맛있고 여러 부속과 준비된 찍어먹는 소스들 너무 다 잘 어울렸어요 부속 세트랑 고기들 꼭 드셔보세요 강추,"['예전', '친구', '부속', '준비', '소스', '부속', '세트', '고기']",4
C,파랑새야,"오랜만에 다시 와서 식사했는데 역시 넘 맛있어요!!
직원분들도 정말 친절하시고 최고에요!!
나중에 또 올게요👍","오랜만에 다시 와서 식사했는데 역시 넘 맛있어요
직원분들도 정말 친절하시고 최고에요
나중에 또 올게요","['오랜만', '식사', '직원', '친절', '최고', '나중']",3
C,파랑새야,"오랜만에 친구와 술한잔하러 갔는데 역시나 기대이상이었습니다! 테바사키, 닭구이, 국까지 모든게 너무나 맛있었어요! 다음에 와이프랑 다시 와보려구요!",오랜만에 친구와 술한잔하러 갔는데 역시나 기대이상이었습니다 테바사키 닭구이 국까지 모든게 너무나 맛있었어요 다음에 와이프랑 다시 와보려구요,"['오랜만', '친구', '한잔', '기대', '이상', '테바사키', '구이', '다음', '와이프']",4
C,파랑새야,2인 추천 세트를 먹었어요. 다음에는 추천 세트 말고 그냥 2인분이랑 닭볶음밥이나 카레를 먹어보면 좋을 것 같아요. 이인 추천 세트는 여자 1명 남자 한 명이 먹기에 양이 조금 많았어요. 가게가 협소한 거 빼고는 전부 다 마음에 들었어요. 또 올게요,2인 추천 세트를 먹었어요 다음에는 추천 세트 말고 그냥 2인분이랑 닭볶음밥이나 카레를 먹어보면 좋을 것 같아요 이인 추천 세트는 여자 1명 남자 한 명이 먹기에 양이 조금 많았어요 가게가 협소한 거 빼고는 전부 다 마음에 들었어요 또 올게요,"['세트', '다음', '세트', '볶음밥', '카레', '세트', '여자', '남자', '가게', '마음']",1
C,파랑새야,"테바사키랑 닭특수구이랑 오니기리 주먹밥까지 먹었습니당! 주먹밥이 히든 치트키에용!! 주먹밥 꼭꼭 시키시구-!!

테바사키 먹을 때 미니 장갑도 주니, 데이트 장소로도 먹기 조아용ㅋㅎㅋㅋㅋ","테바사키랑 닭특수구이랑 오니기리 주먹밥까지 먹었습니당 주먹밥이 히든 치트키에용 주먹밥 꼭꼭 시키시구

테바사키 먹을 때 미니 장갑도 주니 데이트 장소로도 먹기 조아용","['테바사키', '닭특수구', '오니기리', '주먹밥', '주먹밥', '히든', '치트키', '주먹밥', '테바사키', '미니', '장갑', '데이트', '장소', '조아']",1
C,파랑새야,3번쨰 방문이에요 매번 너무 맛있게 먹고 가는 곳....,3번쨰 방문이에요 매번 너무 맛있게 먹고 가는 곳,[],5
C,파랑새야,오랜만에 먹었는데 맛있어요!!!,오랜만에 먹었는데 맛있어요,['오랜만'],5
